Powered by Clearbit,,,,,,
International Business Machines Corp (NYS: IBM),,,,,,
,,,,,,
,,,,,,
Issue: International Business Machines Corp.(NYS:IBM)     New York ,,,,,,
"Time Period: 5 years
Frequency: daily
Adjusted Prices ",,,,,,
,,,,,,
Historical Pricing,,,,,,
Date,Open,High,Low,Close,Volume,Price Move (%)
02/28/2024,184.63,185.37,183.55,185.3,3216266,0.23
02/27/2024,184.16,185.13,182.62,184.87,3640981,0.4
02/26/2024,185.6,186.125,184.06,184.13,4620348,-0.86
02/23/2024,184.9,186.455,184.57,185.72,3433477,0.82
02/22/2024,182.45,184.55,181.93,184.21,5078094,2.51
02/21/2024,182.56,183.03,178.75,179.7,4725706,-2.04
02/20/2024,187.64,188.77,183.06,183.44,4246371,-2.24
02/16/2024,186.63,188.95,185.945,187.64,4842110,0.41
02/15/2024,183.62,186.98,183.62,186.87,4713705,1.8
02/14/2024,185,185,182.26,183.57,3173079,-0.07
02/13/2024,184.28,184.77,182.36,183.7,4289737,-1.32
02/12/2024,185.9,186.48,184.03,186.16,4723423,-0.1
02/09/2024,184.44,187.18,183.85,186.34,5059599,1.07
02/08/2024,182.63,184.55,181.49,184.36,5159308,0.34
02/07/2024,183.34,184.02,182.625,183.74,4839092,0.18
02/06/2024,183.55,184.68,183.04,183.41,3337749,-0.01
02/05/2024,185.51,185.78,183.255,183.42,4377934,-1.28
02/02/2024,187.1,187.39,185.615,185.79,4054261,-0.59
02/01/2024,183.63,187.51,182.71,186.9,4665529,1.76
01/31/2024,187.05,187.65,183.14,183.66,8873916,-2.24
01/30/2024,187.71,188.65,186.77,187.87,4571709,0.39
01/29/2024,187.46,189.46,186.05,187.14,6106762,-0.15
01/26/2024,191.31,192.39,186.16,187.42,9890913,-1.58
01/25/2024,184.96,196.9,184.83,190.43,29588622,9.49
01/24/2024,174.76,174.86,172.9,173.93,9043527,-0.01
01/23/2024,172.9,174.02,172.48,173.94,3980045,0.64
01/22/2024,172.82,174.45,172.4,172.83,4925418,0.79
01/19/2024,170.59,171.579,169.18,171.48,6928244,2.78
01/18/2024,166.49,166.99,165.04,166.84,3776956,0.46
01/17/2024,166.79,167.82,165.495,166.08,4287866,-0.53
01/16/2024,165.8,167.25,165.34,166.96,4868601,0.7
01/12/2024,162.97,165.98,162.355,165.8,4957235,2.24
01/11/2024,161.02,162.23,160.29,162.16,3778318,0.58
01/10/2024,160.28,161.34,159.74,161.23,2967779,0.72
01/09/2024,160,160.484,159.51,160.08,2616842,-0.66
01/08/2024,158.69,161.216,157.885,161.14,3321399,1.24
01/05/2024,159.91,160.55,158.67,159.16,4199443,-1.06
01/04/2024,160.22,161.81,160.17,160.86,3211518,0.47
01/03/2024,161,161.73,160.08,160.1,4084962,-0.87
01/02/2024,162.83,163.29,160.46,161.5,3824703,-1.25
12/29/2023,163.75,164.18,162.83,163.55,2525711,-0.12
12/28/2023,163.96,163.96,163.4,163.75,2070747,0.18
12/27/2023,163.14,163.64,162.68,163.46,3234422,0.15
12/26/2023,162.23,163.31,162.05,163.21,1771461,0.66
12/22/2023,161.1,162.41,161,162.14,2441886,0.85
12/21/2023,160.59,161.08,159.53,160.78,2982329,0.46
12/20/2023,161.29,161.8,160.01,160.05,4863970,-0.93
12/19/2023,161.8,162.28,161.32,161.56,3763845,-0.73
12/18/2023,162.23,163.33,161.577,162.74,3677314,0.31
12/15/2023,162.3,164.09,162.04,162.23,11015835,-0.42
12/14/2023,162.93,163.499,160.149,162.91,6129556,-0.43
12/13/2023,164.37,164.965,162.735,163.62,4984308,-0.66
12/12/2023,163.27,166.34,162.92,164.71,5292184,0.73
12/11/2023,162.68,163.65,161.95,163.51,6076677,0.96
12/08/2023,160,162.04,160,161.96,4560616,1.09
12/07/2023,161,161.465,159.97,160.22,3665364,-0.04
12/06/2023,161.59,162.355,160.01,160.28,3555723,-0.69
12/05/2023,160.76,162.47,160.72,161.39,4555608,0.18
12/04/2023,160.29,162.79,160.29,161.1,5777453,0.34
12/01/2023,158.41,160.59,158,160.55,4871392,1.26
11/30/2023,156.95,158.6,156.89,158.56,6740137,1.37
11/29/2023,156.15,157.51,156.02,156.41,3568887,0.49
11/28/2023,155.44,155.745,154.86,155.65,2666178,0.05
11/27/2023,154.99,156.135,154.75,155.57,4053026,0.25
11/24/2023,155.13,155.4,153.92,155.18,1799161,0.03
11/22/2023,154.5,155.705,154.16,155.13,3044876,0.79
11/21/2023,154.6,154.66,153.51,153.91,2859308,-0.29
11/20/2023,152.51,154.68,152.35,154.35,3658528,0.95
11/17/2023,153.29,153.5,152.46,152.89,4426582,-0.11
11/16/2023,153,153.35,152.13,153.06,3519025,0.31
11/15/2023,150.4,153.22,150.4,152.58,4631844,1.44
11/14/2023,149.45,150.806,149.05,150.41,4320735,1.56
11/13/2023,148.46,148.49,147.35,148.1,2647208,-0.62
11/10/2023,147.44,149.17,146.85,149.02,3179335,1.64
11/09/2023,146.55,146.99,145.28,146.62,3412607,-0.95
11/08/2023,149.25,149.68,147.585,148.03,3618179,-0.54
11/07/2023,149.03,149.28,148.03,148.83,3549846,-0.09
11/06/2023,147.89,149.225,147.85,148.97,4597188,0.72
11/03/2023,147.45,148.445,147.28,147.9,3510244,0.61
11/02/2023,145.77,147.1,144.84,147.01,3902386,1.11
11/01/2023,145,146.51,144.45,145.4,4749880,0.53
10/31/2023,143,144.76,142.59,144.64,6591824,1.41
10/30/2023,143.19,144.5,142.58,142.63,4204189,0.08
10/27/2023,143.62,144.7,141.71,142.52,5468974,-0.86
10/26/2023,142.2,144.41,141.58,143.76,11127982,4.87
10/25/2023,137.5,138.49,136.33,137.08,6467920,-0.52
10/24/2023,136.74,137.98,136.05,137.79,3697729,1.03
10/23/2023,136.63,137.68,135.87,136.38,3457296,-0.57
10/20/2023,138.15,139.27,137.12,137.16,4865507,-0.62
10/19/2023,138.64,139.405,137.93,138.01,5314047,-1.4
10/18/2023,140,140.43,139.58,139.97,3329665,0.55
10/16/2023,139.28,139.78,138.52,139.21,3360790,0.54
10/13/2023,139.77,140.12,138.27,138.46,4582950,-1.97
10/12/2023,142.51,142.93,140.95,141.24,3921129,-1.39
10/11/2023,142.51,143.34,142.14,143.23,2511323,0.79
10/10/2023,142.6,143.415,141.72,142.11,3015547,-0.06
10/09/2023,142.3,142.4,140.68,142.2,2354245,0.12
10/06/2023,141.4,142.94,140.11,142.03,3511162,0.36
10/05/2023,140.9,141.7,140.19,141.52,3223773,0.32
10/04/2023,140.37,141.2,139.99,141.07,2637575,0.48
10/03/2023,140.87,141.64,140,140.39,3284282,-0.29
10/02/2023,140.04,141.45,139.86,140.8,3275352,0.36
09/29/2023,142,142.13,139.61,140.3,5703823,-0.9
09/28/2023,142.14,142.282,140.205,141.58,5783275,-1.11
09/27/2023,143.67,143.82,141.76,143.17,4439845,-0.05
09/26/2023,145.51,146.17,143.02,143.24,4823970,-2.21
09/25/2023,146.57,147.43,146.25,146.48,2694151,-0.29
09/22/2023,147.41,148.1,146.82,146.91,2562067,-0.32
09/21/2023,149,149.25,147.31,147.38,4944649,-1.64
09/20/2023,148.36,151.93,148.13,149.83,9633912,2.26
09/19/2023,145,146.72,144.66,146.52,3945404,0.99
09/18/2023,145.77,146.48,145.06,145.09,2508047,-0.62
09/15/2023,147.11,147.85,145.53,145.99,6233945,-0.92
09/14/2023,147.38,147.73,146.48,147.35,2723161,0.55
09/13/2023,145.95,146.98,145.92,146.55,2627849,0.17
09/12/2023,147.92,148,145.8,146.3,4457656,-1.4
09/11/2023,148.57,148.78,147.58,148.38,3273683,0.47
09/08/2023,147.35,148.59,147.26,147.68,3722849,0.11
09/07/2023,148.13,148.78,147.4,147.52,3332984,-0.36
09/06/2023,147.66,148.33,147.12,148.06,2931842,-0.05
09/05/2023,147.91,149,147.572,148.13,3729428,0.13
09/01/2023,147.26,148.1,146.92,147.94,2727678,0.76
08/31/2023,146.94,147.727,146.54,146.83,3885703,-0.02
08/30/2023,146.42,146.92,145.745,146.86,2245321,0.28
08/29/2023,146.3,146.73,145.62,146.45,2777801,0.29
08/28/2023,145.41,146.74,145.21,146.02,3561312,0.46
08/25/2023,144.18,145.47,143.5,145.35,3659015,1.25
08/24/2023,143.505,144.47,143.22,143.55,2899711,0.1
08/23/2023,141.72,143.475,141.58,143.41,2558718,1.36
08/22/2023,142.66,143.225,141.3,141.49,3557557,-0.56
08/21/2023,141.42,142.39,141.11,142.28,2937588,0.62
08/18/2023,140,141.83,139.76,141.41,3915357,0.53
08/17/2023,141.01,142.66,140.6,140.66,3741700,0.01
08/16/2023,141.7,142.09,140.56,140.64,3284744,-0.87
08/15/2023,141.5,142.31,141.2,141.87,3656225,-0.03
08/14/2023,143.05,143.365,141.802,141.91,4226431,-0.85
08/11/2023,143.12,143.45,142.205,143.12,2526054,-0.09
08/10/2023,143.04,144.58,142.69,143.25,4735417,0.53
08/09/2023,144.94,144.94,142.3,142.49,4072969,-2.34
08/08/2023,145.7,146.15,144.11,145.91,4653150,-0.18
08/07/2023,145,146.5,144.93,146.18,3438206,1.34
08/04/2023,145.09,146.09,143.99,144.24,4223181,-0.15
08/03/2023,143.78,145.22,143.312,144.45,3952144,0.19
08/02/2023,142.78,144.3,142.31,144.17,4957648,0.59
08/01/2023,144.25,144.48,142.17,143.33,4797847,-0.59
07/31/2023,143.81,144.605,143.53,144.18,6138697,0.51
07/28/2023,143.44,143.95,142.85,143.45,6686609,0.34
07/27/2023,142.3,143.38,141.9,142.97,6330882,1.35
07/26/2023,140.44,141.25,139.88,141.07,4046185,0.53
07/25/2023,139.42,140.43,139.04,140.33,3766814,0.57
07/24/2023,139.35,140.12,138.779,139.54,3475336,0.43
07/21/2023,138.21,139.78,137.76,138.94,5858714,0.4
07/20/2023,137.19,140.32,136.56,138.38,10895798,2.14
07/19/2023,135.53,136.45,135.19,135.48,5510686,0.09
07/18/2023,134.71,135.95,134.29,135.36,3851166,0.83
07/17/2023,133.26,134.61,133.1,134.24,3167614,0.63
07/14/2023,133.91,133.92,132.94,133.4,2861362,-0.39
07/13/2023,133.51,135.07,133.36,133.92,3221116,0.81
07/12/2023,135.07,135.33,132.575,132.84,3732019,-1.19
07/11/2023,133.66,134.56,133.23,134.44,2924165,1.16
07/10/2023,131.76,133.05,131.695,132.9,2369292,0.62
07/07/2023,131.78,133.855,131.75,132.08,2982381,-0.06
07/06/2023,133.235,133.9,131.55,132.16,3507867,-1.55
07/05/2023,133.32,134.31,132.59,134.24,2955245,0.43
07/03/2023,133.42,134.35,132.87,133.67,1477149,-0.1
06/30/2023,134.69,135.03,133.425,133.81,4236428,-0.19
06/29/2023,131.75,134.35,131.69,134.06,3638652,1.75
06/28/2023,132.06,132.17,130.91,131.76,2753287,-0.44
06/27/2023,131.3,132.95,130.83,132.34,3219619,0.76
06/26/2023,129.39,131.41,129.31,131.34,4845190,1.48
06/23/2023,130.4,130.62,129.18,129.43,11324524,-1.33
06/22/2023,131.68,132.96,130.68,131.17,6012936,-1.88
06/21/2023,135.11,135.39,133.29,133.69,5501165,-1.67
06/20/2023,136.36,137.23,135.89,135.96,4271482,-1.11
06/16/2023,139.23,139.469,137.47,137.48,7473200,-0.66
06/15/2023,137.27,138.8,137.175,138.4,3812411,0.87
06/14/2023,137.8,138.93,136.94,137.2,4514769,-0.29
06/13/2023,136.51,138.17,136,137.6,3926921,0.86
06/12/2023,136,136.62,135.822,136.42,4498836,0.83
06/09/2023,134.36,136.1,134.17,135.3,3981599,0.66
06/08/2023,134.69,135.98,134.01,134.41,4128634,0.02
06/07/2023,132.5,134.44,132.19,134.38,5771261,1.27
06/06/2023,132.43,132.94,131.88,132.69,3297147,0.04
06/05/2023,133.12,133.58,132.27,132.64,3992498,0.17
06/02/2023,130.38,133.12,130.15,132.42,5375031,2
06/01/2023,128.44,130.145,127.78,129.82,4135350,0.96
05/31/2023,128.51,129.44,127.46,128.59,11589971,-0.69
05/30/2023,129.56,130.07,128.26,129.48,3740248,0.46
05/26/2023,127.06,129.66,126.81,128.89,5612242,1.68
05/25/2023,125.61,127.23,125.01,126.76,4102592,0.86
05/24/2023,127.82,127.9,125.47,125.68,3913116,-1.95
05/23/2023,127.24,129.09,127.13,128.18,4592044,0.53
05/22/2023,127.5,128.19,127.15,127.5,2806621,0.19
05/19/2023,126.79,128.29,126.55,127.26,4306456,0.88
05/18/2023,125.3,126.51,125.189,126.15,3794643,0.35
05/17/2023,123.94,125.85,123.47,125.71,4514941,1.82
05/16/2023,123.35,123.86,122.45,123.46,2748684,0.08
05/15/2023,123,123.688,122.34,123.36,2915292,0.42
05/12/2023,121.41,122.86,121.11,122.84,4562155,1.6
05/11/2023,122.02,122.24,120.55,120.9,3445566,-0.92
05/10/2023,121.99,122.49,121.1,122.02,4188513,0.7
05/09/2023,121.9,121.97,120.66,121.17,4538106,-1.81
05/08/2023,123.76,123.92,122.55,123.4,3661718,-0.2
05/05/2023,123.11,124.1,122.805,123.65,4971050,0.88
05/04/2023,123.03,123.52,121.756,122.57,4467137,-0.71
05/03/2023,125.46,125.57,123.26,123.45,4553021,-1.37
05/02/2023,126.3,126.45,123.27,125.16,4445068,-0.74
05/01/2023,126.35,126.75,126.06,126.09,2723834,-0.25
04/28/2023,126.58,127.25,125.64,126.41,5060575,-0.44
04/27/2023,126.37,127.02,125.455,126.97,3204674,0.89
04/26/2023,125.81,126.545,125.12,125.85,4069351,-0.03
04/25/2023,124.9,126.19,124.76,125.89,4273864,0.39
04/24/2023,125.55,126.05,124.56,125.4,4043482,-0.26
04/21/2023,126,126.7,125.27,125.73,6724594,-0.5
04/20/2023,130.15,130.98,125.84,126.36,9747862,0.03
04/19/2023,126.5,126.98,125.3,126.32,6986856,-1.14
04/18/2023,128.14,128.68,127.35,127.78,3193135,-0.03
04/17/2023,128.3,128.72,126.8,127.82,3662458,-0.25
04/14/2023,128.46,129.84,127.31,128.14,4180247,0.19
04/13/2023,128.01,128.39,126,127.9,5621145,-0.5
04/12/2023,130.4,130.886,128.17,128.54,3957151,-1.44
04/11/2023,130.58,131.105,130.18,130.42,3132305,-0.47
04/10/2023,129.83,131.08,129.24,131.03,2613646,0.41
04/06/2023,132.16,132.6,130.315,130.5,3050214,-1.24
04/05/2023,131.37,132.61,131.37,132.14,2898717,0.41
04/04/2023,131.99,132.15,130.89,131.6,3381894,-0.35
04/03/2023,130.97,132.61,130.77,132.06,3839948,0.74
03/31/2023,129.47,131.23,129.42,131.09,4524293,1.45
03/30/2023,130.16,131.48,129.1,129.22,3561223,-0.38
03/29/2023,130.12,130.35,129.18,129.71,3279743,0.29
03/28/2023,129.18,129.66,128.8,129.34,2888969,0.02
03/27/2023,126.47,130.255,126.47,129.31,6522699,3.21
03/24/2023,123.36,125.4,122.88,125.29,3812583,1.56
03/23/2023,123.81,124.93,122.6,123.37,4651652,-0.55
03/22/2023,127,127.215,124.01,124.05,3548762,-1.99
03/21/2023,126.9,127.15,125.66,126.57,3855939,0.5
03/20/2023,124.31,126.16,124.19,125.94,4588291,1.82
03/17/2023,124.08,124.52,122.93,123.69,37399896,-0.81
03/16/2023,122.96,124.82,121.92,124.7,6438738,1.15
03/15/2023,122.99,123.35,121.71,123.28,5987630,-1.1
03/14/2023,126.49,126.64,123.2,124.65,8114637,-0.74
03/13/2023,125.15,128.19,124.85,125.58,8187821,0.1
03/10/2023,126.12,127.29,125.13,125.45,5990307,-0.56
03/09/2023,128.3,128.53,125.98,126.16,5477889,-1.48
03/08/2023,128.48,128.74,127.545,128.05,2778658,-0.16
03/07/2023,130.28,130.42,128.19,128.25,3528414,-1.49
03/06/2023,129.64,130.86,129.59,130.19,2982955,0.42
03/03/2023,129.35,129.905,128.77,129.64,2860139,0.55
03/02/2023,128.39,129.22,127.71,128.93,3340215,0.58
03/01/2023,128.9,129.473,127.74,128.19,3760406,-0.86
02/28/2023,130.55,130.61,129.14,129.3,5142618,-0.91
02/27/2023,131.42,131.87,130.13,130.49,2761059,-0.06
02/24/2023,129.62,130.67,129.22,130.57,3015877,-0.17
02/23/2023,131.5,131.7,128.86,130.79,3724925,-0.14
02/22/2023,131.9,131.99,130.29,130.97,3199886,-0.56
02/21/2023,134,134.385,131.66,131.71,4256648,-2.45
02/17/2023,134.5,135.58,133.89,135.02,3465726,0.01
02/16/2023,135.57,135.967,134.59,135,2965172,-1.03
02/15/2023,135.2,136.445,135.07,136.4,2506818,0.29
02/14/2023,137.05,137.24,135.05,136.01,3201813,-0.98
02/13/2023,136,137.39,135.85,137.35,4402800,1.29
02/10/2023,133.78,135.77,133.5,135.6,5049345,1.38
02/09/2023,134.99,135.73,133.34,133.75,3917433,-1.64
02/08/2023,135.71,136.74,135.16,135.98,4592018,0.1
02/07/2023,135.67,136.4,134.45,135.84,3737041,-0.25
02/06/2023,135.83,136.32,134.95,136.18,4841188,-0.55
02/03/2023,136.35,136.95,135.53,136.94,3755196,0.4
02/02/2023,135.96,136.72,134.85,136.39,6106718,0.96
02/01/2023,134.49,135.79,132.8,135.09,5426116,0.27
01/31/2023,135.5,135.65,133.76,134.73,7205516,-0.42
01/30/2023,134.32,136.11,133.98,135.3,5374728,0.68
01/27/2023,134.44,135.488,133.77,134.39,8141106,-0.04
01/26/2023,137.53,138.27,132.98,134.45,17543413,-4.48
01/25/2023,140.47,141.03,139.36,140.76,7319855,-0.52
01/24/2023,141.25,142.75,140,141.49,4406082,-0.26
01/23/2023,141.4,142.985,141.06,141.86,5897866,0.47
01/20/2023,141.67,141.86,140.51,141.2,7152933,0.41
01/19/2023,140,142.23,139.75,140.62,4833607,0.15
01/18/2023,144.4,144.678,140.225,140.41,6445455,-3.29
01/17/2023,146.42,147.18,145.01,145.19,2986381,-0.48
01/13/2023,144.06,146.1,144.01,145.89,2455677,0.23
01/12/2023,144.88,146.66,144.52,145.55,2715947,0.2
01/11/2023,145,145.53,143.45,145.26,3268690,0.32
01/10/2023,143.61,144.85,142.9,144.8,2152142,0.87
01/09/2023,144.08,145.47,143.4,143.55,3987725,-0.1
01/06/2023,142.38,144.25,141.58,143.7,3573793,1.84
01/05/2023,142.44,142.498,140.01,141.11,2866203,-1.04
01/04/2023,142.07,143.615,141.367,142.6,3868941,0.74
01/03/2023,141.1,141.9,140.48,141.55,3338642,0.47
12/30/2022,140.54,140.9,139.45,140.89,2858022,-0.12
12/29/2022,140.58,142.26,140.45,141.06,2336658,0.74
12/28/2022,142.4,142.81,139.95,140.02,2539565,-1.69
12/27/2022,141.73,142.72,141.23,142.42,2742418,0.54
12/23/2022,140.59,141.857,139.6,141.65,2092548,0.55
12/22/2022,140.95,141.44,138.62,140.88,3337054,-0.89
12/21/2022,141.84,143.09,140.975,142.14,3793529,0.61
12/20/2022,138.84,141.425,138.34,141.28,5156150,1.74
12/19/2022,140.16,140.44,137.195,138.87,5282648,-0.92
12/16/2022,141.25,141.915,138.97,140.16,9834263,-1.55
12/15/2022,148.52,148.98,141.58,142.36,6687210,-5
12/14/2022,150.47,151.91,148.45,149.86,4205787,-0.47
12/13/2022,150.37,153.21,149.95,150.57,8811524,0.91
12/12/2022,147.82,149.21,146.943,149.21,4032014,1.47
12/09/2022,147.4,148.34,146.97,147.05,3047573,-0.49
12/08/2022,147.9,149.153,147.365,147.78,2665678,0.35
12/07/2022,147.33,148.105,146.29,147.27,3970071,-0.16
12/06/2022,147.3,147.8,146.7,147.5,2847014,0.06
12/05/2022,147.94,148.93,146.8,147.41,2784721,-0.85
12/02/2022,148.13,149.16,147.73,148.67,2899816,-0.33
12/01/2022,149.98,150.01,147.34,149.16,4495811,0.17
11/30/2022,146.19,149.64,145.67,148.9,6376789,1.65
11/29/2022,145.91,147.167,145.7,146.49,2753821,0.21
11/28/2022,147.98,148.24,145.935,146.18,3538225,-1.48
11/25/2022,148.27,149.49,148.101,148.37,2075156,-0.26
11/23/2022,149.1,150.46,148.3,148.75,3658200,-0.23
11/22/2022,147.6,149.35,147.02,149.1,7061350,1.65
11/21/2022,147.55,147.928,146.45,146.68,3475999,-0.65
11/18/2022,146.56,148.31,145.94,147.64,4659753,1.06
11/17/2022,143.41,146.18,143.25,146.09,3954854,1.09
11/16/2022,144.13,144.95,144.008,144.52,3445227,0.12
11/15/2022,144.08,146.161,142,144.34,4726832,0.1
11/14/2022,142.63,146.08,142.18,144.2,5245394,0.72
11/11/2022,141.5,144.13,140.96,143.17,5870764,1.37
11/10/2022,140.26,141.37,138.29,141.23,5387286,2.79
11/09/2022,137.95,138.9,136.94,137.39,4719588,-1.89
11/08/2022,139,140.93,138.72,140.04,5041960,1.23
11/07/2022,136.64,138.7,136.51,138.34,4042878,1.01
11/04/2022,135.65,137.73,134.94,136.96,4176892,1.85
11/03/2022,136.42,136.48,133.97,134.47,4441816,-1.72
11/02/2022,137.75,140.17,136.8,136.83,5361144,-0.99
11/01/2022,138.25,138.65,136.7,138.2,3589550,-0.07
10/31/2022,138.06,138.77,136.595,138.29,4915116,-0.16
10/28/2022,135.56,138.861,135.22,138.51,5965117,2.78
10/27/2022,135.55,136.4,134.445,134.77,3993069,-0.18
10/26/2022,133.72,135.863,132.81,135.01,5139240,1.56
10/25/2022,132,133.3,131.3,132.93,5953058,0.18
10/24/2022,130.9,133.11,129.85,132.69,5609996,2.15
10/21/2022,128.39,130.845,127.59,129.9,7200403,1.25
10/20/2022,126.25,128.96,125.15,128.3,13619637,4.73
10/19/2022,122.36,123.94,121.988,122.51,5886498,-0.35
10/18/2022,123,123.94,121.82,122.94,5120092,1.17
10/17/2022,121.8,122.875,121.43,121.52,5458246,1.23
10/14/2022,121.8,122.54,119.84,120.04,3763701,-1.44
10/13/2022,116.1,122.15,115.545,121.79,5837476,3.59
10/12/2022,118,118.81,117.2,117.57,3338688,-0.2
10/11/2022,117.46,119.23,116.94,117.8,4043137,0.04
10/10/2022,119.79,119.96,117.04,117.75,5988874,-0.9
10/07/2022,121.5,121.802,118.07,118.82,4498603,-2.79
10/06/2022,124.88,125.3,121.77,122.23,5073328,-2.79
10/05/2022,124.71,126.46,124.23,125.74,3212393,0.19
10/04/2022,122.8,125.65,122.52,125.5,4565876,3.28
10/03/2022,120.16,122.21,119.6,121.51,4261396,2.27
09/30/2022,121.66,122.43,118.61,118.81,5345884,-2.32
09/29/2022,121.85,122.62,120.57,121.63,3815428,-0.92
09/28/2022,121.65,123.23,119.81,122.76,4996348,0.84
09/27/2022,122.6,123.95,121.08,121.74,4116927,-0.22
09/26/2022,122.3,124.26,121.75,122.01,3987491,-0.57
09/23/2022,124.53,125,121.74,122.71,5195626,-2.07
09/22/2022,124.76,126.51,124.41,125.31,4046730,0.3
09/21/2022,126.89,127.84,124.92,124.93,3388808,-1.08
09/20/2022,126.9,126.99,125.52,126.3,2837434,-1.12
09/19/2022,126.49,128.06,126.28,127.73,3981382,0.36
09/16/2022,124.36,127.53,123.83,127.27,9839672,1.42
09/15/2022,127.39,127.465,124.9,125.49,5141378,-1.72
09/14/2022,127.5,129,126.845,127.69,3818620,0.35
09/13/2022,129.14,129.909,126.771,127.25,4565199,-2.61
09/12/2022,130.33,130.99,129.89,130.66,3741133,1.14
09/09/2022,128.9,129.49,128.06,129.19,3292947,0.56
09/08/2022,127.2,128.54,126.59,128.47,2964029,0.6
09/07/2022,126.69,127.867,126.28,127.71,2401360,0.78
09/06/2022,127.8,128.06,126.3,126.72,3346758,-0.84
09/02/2022,130.3,130.56,127.24,127.79,3040694,-1.44
09/01/2022,128.4,129.817,127.74,129.66,3396125,0.94
08/31/2022,129.92,130,128.4,128.45,3488512,-0.87
08/30/2022,130.56,130.77,129.29,129.58,2407845,-0.56
08/29/2022,129.99,131.42,129.57,130.31,2781959,-0.05
08/26/2022,134.1,134.18,130.34,130.38,4184445,-2.69
08/25/2022,133.65,134.425,133.07,133.98,2704911,0.56
08/24/2022,134.89,135.11,133.11,133.23,2851979,-1.12
08/23/2022,135.37,136.1,134.72,134.74,4141343,-0.6
08/22/2022,137.65,137.85,135.47,135.55,3093198,-2.04
08/19/2022,138.75,139.34,137.66,138.37,3155469,-0.5
08/18/2022,137.79,139.12,137.75,139.07,3177687,0.93
08/17/2022,136.46,138.415,136.3,137.79,3666460,0.9
08/16/2022,134.6,137.37,134.452,136.56,4312646,1.21
08/15/2022,132.96,135.19,132.24,134.93,2790406,0.69
08/12/2022,132.62,134.09,131.98,134.01,2766980,1.11
08/11/2022,132.36,133.225,132,132.54,3501754,0.79
08/10/2022,130.75,131.78,130.34,131.5,3663327,1.57
08/09/2022,129.92,130.79,129.12,129.47,3495020,-2.37
08/08/2022,133.1,133.35,132.02,132.61,3822335,0.1
08/05/2022,131.25,132.67,131.07,132.48,2585298,0.64
08/04/2022,132.15,132.287,131.02,131.64,3176470,-0.53
08/03/2022,131.82,132.862,131.32,132.34,3087896,0.4
08/02/2022,132.2,132.78,130.51,131.81,4403155,-0.17
08/01/2022,130.75,132.7,130.7,132.04,4141743,0.96
07/29/2022,129.52,131,129.31,130.79,5785803,1.21
07/28/2022,128.75,129.81,128.606,129.22,3912926,0.08
07/27/2022,127.97,129.43,127.58,129.12,4165312,0.81
07/26/2022,128.26,129.3,127.63,128.08,3644774,-0.36
07/25/2022,128.44,129.126,127.9,128.54,4701472,0.23
07/22/2022,127.03,128.32,125.71,128.25,6466314,0.87
07/21/2022,128.75,128.81,125.13,127.15,11973680,-1.57
07/20/2022,130.7,130.72,128.06,129.18,9879273,-1.3
07/19/2022,131.58,132.56,127.72,130.88,29676293,-5.25
07/18/2022,140.15,140.31,137.784,138.13,8022307,-1.28
07/15/2022,140.68,140.68,138.61,139.92,4518554,0.62
07/14/2022,135.6,139.43,135.02,139.06,5298186,1.37
07/13/2022,137.18,138.9,136.8,137.18,4122715,-1.44
07/12/2022,140.84,141.55,138.565,139.18,3235375,-1.29
07/11/2022,140.62,141.87,140.13,141,3911986,0.38
07/08/2022,140.76,141.32,139.82,140.47,2820875,-0.26
07/07/2022,138.91,141.325,138.83,140.83,3896368,1.99
07/06/2022,138,139.14,137.13,138.08,3236966,0.33
07/05/2022,139.97,139.97,135.27,137.62,6273433,-2.48
07/01/2022,141,141.67,139.26,141.12,4012005,-0.05
06/30/2022,139.58,142.46,139.28,141.19,4877616,0.34
06/29/2022,142.74,143.521,139.5,140.71,4160945,-0.81
06/28/2022,142.92,144.155,141.32,141.86,4064990,-0.66
06/27/2022,142.26,143.83,141.95,142.8,3935828,0.52
06/24/2022,139.2,142.37,139.13,142.06,11492706,2.61
06/23/2022,137.14,138.62,136.5,138.44,4547220,0.99
06/22/2022,136.1,138.18,136.03,137.08,3791586,-0.56
06/21/2022,135.9,138.5,135.9,137.85,4088905,2.1
06/17/2022,135.99,136.98,132.85,135.02,12967997,-0.48
06/16/2022,135.3,136.24,134.39,135.67,5385884,-1.01
06/15/2022,136.01,138.45,135.58,137.06,4606530,0.99
06/14/2022,135,136.95,134.86,135.72,4607374,0.45
06/13/2022,133.97,137.57,133.76,135.11,6485258,-0.79
06/10/2022,137.8,137.8,135.25,136.19,4660062,-1.28
06/09/2022,140.15,141.04,137.93,137.96,3591653,-2.04
06/08/2022,142.07,142.8,140.15,140.83,3005622,-1.37
06/07/2022,142.6,142.98,140.96,142.78,2886838,-0.07
06/06/2022,142.98,144.73,142,142.88,4766957,1.2
06/03/2022,140.26,142.579,139.74,141.18,4349045,0.73
06/02/2022,139.45,140.29,136.85,140.15,3734263,0.52
06/01/2022,139.67,140.47,138.52,139.43,3796081,0.42
05/31/2022,138.2,139.83,136.81,138.84,7977497,-0.31
05/27/2022,137.39,139.739,137.24,139.27,4608043,1.74
05/26/2022,135,137.55,134.52,136.89,3928721,1.86
05/25/2022,132.86,134.82,132.86,134.39,3299002,0.44
05/24/2022,130.57,134.37,130.42,133.8,4188740,2.01
05/23/2022,129.5,131.95,129.42,131.17,3589757,2.09
05/20/2022,130.18,130.37,125.8,128.48,6913115,-0.91
05/19/2022,132,132.32,128.71,129.66,5818523,-2.47
05/18/2022,137.1,137.615,132.17,132.94,6000459,-3.92
05/17/2022,137.19,138.37,135.64,138.37,4372695,2.47
05/16/2022,133.1,136.51,132.41,135.03,4250328,1.07
05/13/2022,133,133.8,131.05,133.6,4195170,0.53
05/12/2022,131.27,133.62,130.41,132.9,5382214,1.64
05/11/2022,129.86,132.96,129.86,130.75,5300751,1.25
05/10/2022,135,135.41,128.43,129.13,8641525,-3.95
05/09/2022,134.41,136.345,133.315,134.44,7647380,-2.35
05/06/2022,135.47,137.99,135.47,137.67,7304386,1.29
05/05/2022,136.46,137.26,134.76,135.92,5956881,-1.08
05/04/2022,132.87,137.87,132.14,137.4,5928532,3.68
05/03/2022,133,133.6,131.99,132.52,3688159,-0.39
05/02/2022,133,133.77,130.89,133.04,4212632,0.63
04/29/2022,135.13,135.555,132,132.21,5078129,-2.6
04/28/2022,136.85,136.99,134.81,135.74,4476156,0.5
04/27/2022,135.78,137.12,134.63,135.06,4366857,-0.83
04/26/2022,139,139.87,136.17,136.19,4954691,-2.09
04/25/2022,137.59,139.65,135.19,139.1,5746383,0.61
04/22/2022,139.7,140.44,137.35,138.25,6506646,-1.14
04/21/2022,138.23,141.88,137.35,139.85,9917625,1.11
04/20/2022,135,139.56,133.38,138.32,17833139,7.1
04/19/2022,126.08,129.4,126,129.15,7948000,2.36
04/18/2022,126.6,127.39,125.53,126.17,4882148,-0.31
04/14/2022,128.93,130.58,126.38,126.56,6383109,0.33
04/13/2022,125.64,126.67,124.91,126.14,3054917,0.13
04/12/2022,126.42,127.34,125.584,125.98,2690731,-0.31
04/11/2022,127.95,128.175,126.18,126.37,3202190,-1.06
04/08/2022,128.01,128.78,127.27,127.73,3142648,-0.64
04/07/2022,128.87,129.25,126.73,128.55,3536750,-0.65
04/06/2022,127.78,129.515,127.25,129.39,3957292,0.39
04/05/2022,129.85,131.23,128.66,128.89,3106600,-1.06
04/04/2022,130.26,130.45,128.93,130.27,2810453,0.09
04/01/2022,129.66,130.27,128.06,130.15,4011771,0.1
03/31/2022,130.72,131.88,130,130.02,4273516,-1.6
03/30/2022,132.01,133.08,131.39,132.13,2622267,0.14
03/29/2022,132.04,132.84,130.43,131.94,5790956,0.36
03/28/2022,130.82,131.5,129.6,131.47,2483165,0.09
03/25/2022,129.5,131.4,129.31,131.35,3530664,1.62
03/24/2022,128.33,129.37,127.8,129.25,2967874,0.74
03/23/2022,129.08,129.32,128.25,128.3,2923979,-0.59
03/22/2022,128.5,129.3,127.85,129.06,2688053,0.75
03/21/2022,129,129.74,127.4,128.1,3384318,-0.51
03/18/2022,127.38,128.93,126.37,128.76,7465420,0.63
03/17/2022,127.1,128.29,126.53,127.96,3671849,0.72
03/16/2022,126.5,127.284,124.71,127.04,4289286,1.11
03/15/2022,124,125.94,123.22,125.64,4018094,1.37
03/14/2022,124.45,125.16,122.685,123.94,3289267,-0.02
03/11/2022,125,126.77,123.91,123.96,4119337,-0.31
03/10/2022,125.75,126.03,123.125,124.35,5326352,-1.48
03/09/2022,127.41,128.1,125.91,126.22,4399750,0.43
03/08/2022,126.62,128.345,124.82,125.68,4886488,-0.31
03/07/2022,126.47,127.905,125.62,126.07,5046855,-0.43
03/04/2022,124.4,127.35,124.21,126.62,4402807,0.55
03/03/2022,124.96,126.665,124.235,125.93,5200919,1.67
03/02/2022,122.59,124.64,121.8,123.86,4891345,2.07
03/01/2022,122.67,123.39,120.7,121.35,4872923,-0.95
02/28/2022,122.21,123.385,121.039,122.51,6756012,-1.34
02/25/2022,122.05,124.262,121.45,124.18,4460172,1.81
02/24/2022,120,122.1,118.81,121.97,6561540,-0.08
02/23/2022,124.38,124.7,121.87,122.07,4084985,-1.49
02/22/2022,124.2,125,122.68,123.92,5347306,-0.35
02/18/2022,124.94,125.44,123.61,124.35,4607832,-0.5
02/17/2022,128.05,128.5,124.85,124.97,6796355,-3.26
02/16/2022,129.45,130.44,128.26,129.18,4874779,-0.58
02/15/2022,130.64,131.68,129.61,129.94,4395136,-0.16
02/14/2022,132.59,132.65,129.07,130.15,5344585,-1.91
02/11/2022,133.9,134.71,132.38,132.69,4175813,-0.62
02/10/2022,135.47,136.56,133.17,133.52,5976642,-3.1
02/09/2022,137.84,138.35,136.83,137.79,5390508,0.56
02/08/2022,137.23,137.52,135.78,137.02,4181545,-0.16
02/07/2022,137.45,137.822,136.27,137.24,3758808,0.07
02/04/2022,137.86,138.82,136.215,137.15,4141870,-0.46
02/03/2022,137,138.76,135.831,137.78,6100420,0.39
02/02/2022,135.7,137.555,135.26,137.25,5355811,1.27
02/01/2022,133.76,135.96,132.5,135.53,6203082,1.47
01/31/2022,134.09,134.09,132.3,133.57,5857020,-0.69
01/28/2022,133.19,134.53,131.79,134.5,5470382,1.49
01/27/2022,133.66,134.75,132.08,132.52,5498717,-1.3
01/26/2022,136.47,137.07,133.13,134.26,8333987,-1.35
01/25/2022,129.14,137.336,128.3,136.1,19707633,5.65
01/24/2022,127.99,129.15,124.193,128.82,13645607,-0.41
01/21/2022,131.65,131.87,129.27,129.35,5905602,-1.12
01/20/2022,131.26,132.88,130.57,130.82,5277979,-0.58
01/19/2022,132.9,133.9,131.5,131.58,4102171,-1.02
01/18/2022,132.95,133.89,131.78,132.94,5246846,-0.95
01/14/2022,134.55,135.14,133.3,134.21,5309358,-0.41
01/13/2022,133.9,136.05,133.56,134.76,4868144,0.88
01/12/2022,133.25,134.47,131.37,133.59,5351551,0.54
01/11/2022,130.52,133.25,127.97,132.87,11103704,-1.6
01/10/2022,134.47,136.2,133.38,135.03,5431792,0.15
01/07/2022,134.9,135.662,133.511,134.83,5237219,-0.38
01/06/2022,138.2,138.41,132.51,135.34,9906137,-2.08
01/05/2022,138.31,142.2,137.88,138.22,8954486,0.14
01/04/2022,136.1,139.95,135.9,138.02,7299517,1.46
01/03/2022,134.07,136.295,133.63,136.04,4607547,1.78
12/31/2021,134,134.99,133.61,133.66,3361903,-0.19
12/30/2021,133.75,134.37,133.33,133.91,3156740,0.42
12/29/2021,132.4,134.21,132.3,133.35,4239659,0.54
12/28/2021,131.6,133.22,131.59,132.63,3445474,0.77
12/27/2021,130.63,131.65,129.95,131.62,4294095,0.76
12/23/2021,130,130.96,129.52,130.63,3648666,0.68
12/22/2021,129.06,129.79,127.6,129.75,3922552,0.6
12/21/2021,127.66,129.336,127.66,128.97,4855324,1.5
12/20/2021,125.72,127.2,124.7,127.06,4939952,-0.27
12/17/2021,125.87,128.64,125.209,127.4,10379677,1.17
12/16/2021,123.51,126.64,123.475,125.93,7278545,2.29
12/15/2021,123.8,124.815,122.18,123.11,4989138,-0.53
12/14/2021,122.35,125.03,122.3,123.76,5714864,0.96
12/13/2021,123.76,124.355,120.79,122.58,6846562,-1.22
12/10/2021,124.3,125.33,123.36,124.09,4965480,0.42
12/09/2021,122.15,123.95,121.79,123.57,4599191,0.45
12/08/2021,122,123.38,121.52,123.02,5483573,1.18
12/07/2021,120.475,122.08,120.07,121.58,5193073,1.39
12/06/2021,119.4,121.15,119.4,119.91,4782024,0.9
12/03/2021,117.36,119.36,117.36,118.84,6629410,1.66
12/02/2021,117.37,117.98,116.56,116.9,5266660,-0.02
12/01/2021,118.25,118.93,116.85,116.92,5959084,-0.15
11/30/2021,117.5,119.24,116.45,117.1,9250862,-1.18
11/29/2021,118.62,119.61,117.53,118.5,8943738,2.32
11/26/2021,115,116.335,114.56,115.81,3322012,-0.79
11/24/2021,116.16,117.27,116.08,116.73,3220285,-0.05
11/23/2021,116.79,117.94,116.04,116.79,4914606,0.27
11/22/2021,116,118.81,115.19,116.47,6416440,0.36
11/19/2021,116.49,116.56,115.27,116.05,5382694,-0.52
11/18/2021,118.36,118.36,116.31,116.66,5047557,-1.19
11/17/2021,118.38,119.33,117.78,118.06,4041971,-0.34
11/16/2021,118.92,119.9,118.42,118.46,4670591,-0.34
11/15/2021,119.54,120.16,118.31,118.87,5044179,-0.08
11/12/2021,120,120.64,118.78,118.96,5415314,-1.09
11/11/2021,120.9,121.789,120.08,120.27,4640621,0.04
11/10/2021,121,122.43,119.932,120.22,6270594,-0.52
11/09/2021,122.56,122.9,120.26,120.85,7233213,-2.96
11/08/2021,123.985,124.78,123.53,124.54,5622515,0.75
11/05/2021,121.43,123.77,121.43,123.61,6789409,2.28
11/04/2021,123.05,123.34,119.9,120.85,7204949,-0.48
11/03/2021,120.57,121.583,120.045,121.43,5662034,0.75
11/02/2021,120.637,121.468,119.31,120.523,4725525,-0.08
11/01/2021,119.443,120.647,118.285,120.618,6179745,0.94
10/29/2021,119.806,120.656,119.31,119.491,6194026,-0.59
10/28/2021,119.558,120.647,119.033,120.198,6807470,0.54
10/27/2021,121.726,122.146,119.405,119.558,7296199,-1.54
10/26/2021,121.803,122.548,121.072,121.43,8919589,-0.4
10/25/2021,121.812,122.882,121.249,121.917,6672247,-0.19
10/22/2021,122.309,124.41,120.934,122.146,12118867,-0.35
10/21/2021,127.524,127.725,122.357,122.576,32923911,-9.56
10/20/2021,135.328,135.824,134.392,135.538,6453497,-0.06
10/19/2021,134.755,136.531,134.22,135.614,4542198,-0.24
10/18/2021,137.544,138.441,135.403,135.939,6440322,-1.58
10/15/2021,136.961,138.355,136.388,138.126,3373325,0.85
10/14/2021,134.716,137.467,134.688,136.961,4414860,1.87
10/13/2021,134.22,135.07,133.398,134.449,3015951,0.21
10/12/2021,135.834,135.92,134.01,134.172,3296228,-1.38
10/11/2021,137.066,137.62,136.015,136.044,2923391,-0.55
10/08/2021,135.452,137.209,134.726,136.799,3906300,0.99
10/07/2021,136.331,136.966,135.184,135.452,4001308,-0.39
10/06/2021,136.092,136.942,134.573,135.977,5577686,-0.55
10/05/2021,138.26,138.499,136.245,136.732,7301570,-0.67
10/04/2021,136.34,139.454,135.968,137.649,7695084,0.55
10/01/2021,134.678,137.515,134.076,136.894,6913882,3.16
09/30/2021,133.723,134.267,132.29,132.701,6096285,-0.18
09/29/2021,131.555,133.656,130.323,132.94,3951085,1.24
09/28/2021,132.93,133.425,131.058,131.306,4516647,-0.79
09/27/2021,131.774,132.83,131.316,132.348,3461338,0.78
09/24/2021,130.886,132.271,130.619,131.326,3102657,0.56
09/23/2021,129.186,131.259,128.976,130.6,3154080,1.56
09/22/2021,127.725,129.301,127.486,128.594,3771428,1.25
09/21/2021,129.052,129.568,126.979,127.008,4261072,-1
09/20/2021,127.896,129.119,126.827,128.288,4993320,-0.68
09/17/2021,129.664,129.826,128.995,129.167,5896586,-0.88
09/16/2021,131.125,131.765,129.625,130.313,2767958,-0.56
09/15/2021,130.112,131.622,129.587,131.049,3406752,0.72
09/14/2021,132.195,132.357,129.272,130.112,4663031,-1.4
09/13/2021,132.195,132.758,131.345,131.956,4338728,0.82
09/10/2021,132.596,133.121,130.857,130.877,4160788,-0.52
09/09/2021,131.669,132.73,131.388,131.564,3672969,-0.67
09/08/2021,131.946,132.854,131.431,132.453,3125444,0.44
09/07/2021,133.389,133.522,131.585,131.87,3439202,-1.09
09/03/2021,133.417,134.172,133.054,133.322,2014440,-0.31
09/02/2021,133.456,133.771,132.796,133.733,2843013,0.51
09/01/2021,133.704,133.79,132.949,133.054,2590280,-0.74
08/31/2021,133.284,134.621,132.72,134.048,4433100,0.99
08/30/2021,133.245,133.608,132.591,132.739,2089171,-0.32
08/27/2021,132.491,133.327,132.195,133.159,2574915,0.45
08/26/2021,133.694,134.487,132.491,132.558,2616076,-0.77
08/25/2021,133.647,134.487,133.207,133.589,2106686,0.01
08/24/2021,133.513,133.943,133.073,133.57,2474659,0.16
08/23/2021,133.36,133.866,132.577,133.36,3181459,0.37
08/20/2021,131.564,133.131,131.115,132.873,2782053,0.79
08/19/2021,132.472,133.198,131.058,131.832,4354417,-1.04
08/18/2021,135.318,135.552,133.14,133.217,3674999,-2.07
08/17/2021,136.588,136.741,134.764,136.034,3218292,-0.82
08/16/2021,136.808,137.295,135.853,137.152,2916625,0.29
08/13/2021,136.245,137.142,136.054,136.76,1999979,0.08
08/12/2021,135.882,136.732,135.706,136.655,2187427,0.66
08/11/2021,135.423,136.367,135.156,135.757,4459557,0.53
08/10/2021,134.879,135.453,134.048,135.041,5547866,0.09
08/09/2021,135.824,136.106,134.649,134.917,5132573,-1.97
08/06/2021,136.588,137.916,136.483,137.63,4002334,0.92
08/05/2021,136.617,136.98,135.843,136.369,2886042,0.01
08/04/2021,137.353,137.716,136.082,136.359,2962494,-0.91
08/03/2021,135.538,138.212,135.299,137.61,4276047,1.87
08/02/2021,135.108,136.646,134.707,135.079,3066876,0.33
07/30/2021,135.175,135.49,134.478,134.64,3700570,-0.68
07/29/2021,135.948,136.55,135.251,135.566,2794449,0.11
07/28/2021,136.598,136.684,135.289,135.414,2663463,-0.69
07/27/2021,136.14,137.2,135.251,136.35,3283911,-0.01
07/26/2021,135.051,136.588,134.802,136.369,4444376,1.01
07/23/2021,134.64,135.347,134.038,135.003,4683323,0.45
07/22/2021,135.309,135.452,134.115,134.401,3468715,-0.42
07/21/2021,133.694,135.051,133.389,134.965,5028102,0.95
07/20/2021,136.588,138.422,132.481,133.694,14237777,1.49
07/19/2021,130.332,132.281,130.102,131.736,8962027,-0.71
07/16/2021,134.678,134.678,132.376,132.672,4297882,-1.1
07/15/2021,133.073,134.162,132.577,134.153,3809996,0.45
07/14/2021,134.411,134.439,132.698,133.551,4610337,-0.33
07/13/2021,134.602,134.602,133.37,133.99,3312493,-0.45
07/12/2021,135.089,135.595,133.833,134.602,3499272,-0.42
07/09/2021,135.108,135.614,134.526,135.175,4086736,0.55
07/08/2021,131.602,134.974,131.488,134.43,5744390,0.66
07/07/2021,132.539,134.038,132.539,133.551,4249609,0.75
07/06/2021,133.713,134.124,130.953,132.558,8472341,-0.89
07/02/2021,140.323,140.361,133.207,133.742,17605150,-4.64
07/01/2021,140.371,140.887,139.998,140.256,2812344,0.17
06/30/2021,138.623,140.342,138.222,140.017,3397363,0.71
06/29/2021,138.747,140.161,138.594,139.024,2542521,0.18
06/28/2021,140.419,140.696,138.415,138.776,4069543,-1.06
06/25/2021,138.862,140.342,138.446,140.256,3762353,0.96
06/24/2021,139.263,139.635,138.203,138.919,3778937,0.57
06/23/2021,139.865,139.932,138.088,138.126,3352140,-1.2
06/22/2021,139.951,140.228,138.833,139.798,2551465,-0.2
06/21/2021,137.649,140.476,137.601,140.075,4486673,2.47
06/18/2021,138.002,138.193,136.627,136.703,9584983,-1.7
06/17/2021,140.934,141.422,138.766,139.072,4571898,-1.51
06/16/2021,143.045,143.045,140.619,141.202,4061087,-1.02
06/15/2021,143.131,143.189,141.937,142.663,2630813,-0.45
06/14/2021,143.953,144.258,141.99,143.303,3501654,-0.83
06/11/2021,143.685,145.037,143.628,144.497,3598527,0.49
06/10/2021,144.679,145.987,143.045,143.79,4980880,-0.09
06/09/2021,142.348,144.297,142.148,143.915,5551228,1.07
06/08/2021,141.479,143.466,141.479,142.386,5317330,0.71
06/07/2021,140.934,142.071,140.571,141.383,3623851,0.41
06/04/2021,139.454,140.934,139.225,140.81,3264022,1.28
06/03/2021,138.413,139.339,137.582,139.024,4324633,-0.12
06/02/2021,138.136,139.215,137.649,139.186,2915136,1.06
06/01/2021,138.499,139.292,137.305,137.725,2530211,0.31
05/28/2021,137.744,137.859,137.052,137.295,2653685,-0.06
05/27/2021,137.372,138.279,137.19,137.372,5893937,0.31
05/26/2021,137.066,137.533,136.627,136.951,3227934,-0.29
05/25/2021,138.422,138.499,136.779,137.343,4122060,-0.64
05/24/2021,138.556,138.871,137.716,138.231,3451743,-0.01
05/21/2021,137.811,139.166,137.811,138.25,4221205,0.6
05/20/2021,136.703,138.413,135.786,137.429,4305589,0.48
05/19/2021,135.939,136.779,134.602,136.77,4502584,-0.5
05/18/2021,138.289,138.785,136.808,137.458,4003036,-0.83
05/17/2021,137.964,139.263,137.859,138.604,4475767,0.3
05/14/2021,138.604,139.158,137.505,138.193,2876031,0.35
05/13/2021,135.108,138.403,134.946,137.706,4811810,2.03
05/12/2021,137.391,137.687,134.812,134.965,6238363,-2.02
05/11/2021,138.489,138.68,136.493,137.754,7459621,-1.33
05/10/2021,139.263,141.727,139.263,139.616,7301598,0.49
05/07/2021,139.378,139.588,138.088,138.938,7331481,-1.99
05/06/2021,138.747,141.856,138.671,141.765,7851140,2.2
05/05/2021,139.397,139.454,137.887,138.709,5155424,-0.36
05/04/2021,137.935,140.017,137.859,139.215,6647553,0.69
05/03/2021,137.362,139.215,137.114,138.26,6002010,2.02
04/30/2021,137.257,137.381,134.248,135.519,9285594,-1.64
04/29/2021,137.668,142.071,136.569,137.773,4556859,0.87
04/28/2021,136.512,136.971,135.729,136.588,3944778,0.7
04/27/2021,135.337,136.168,134.439,135.643,4065058,0.31
04/26/2021,136.034,137.19,135.137,135.223,4930815,-0.6
04/23/2021,134.974,137.171,134.63,136.044,4770471,0.81
04/22/2021,137.257,138.25,134.678,134.946,7432382,-1.58
04/21/2021,131.87,137.286,131.536,137.114,12465975,3.9
04/20/2021,130.924,133.503,130.571,131.965,16203941,3.79
04/19/2021,127.61,127.815,126.636,127.151,8549640,-0.35
04/16/2021,127.037,128.087,126.989,127.6,5539431,0.76
04/15/2021,127.304,127.868,126.292,126.636,4065894,-0.04
04/14/2021,125.418,126.827,124.668,126.683,6142826,1.11
04/13/2021,127.037,127.629,124.534,125.298,8408721,-2.53
04/12/2021,128.966,129.301,127.849,128.556,3929654,-0.84
04/09/2021,128.823,129.654,128.67,129.644,3165821,0.45
04/08/2021,128.536,129.549,128.145,129.062,4275632,0.14
04/07/2021,127.839,128.89,127.782,128.88,3115751,0.53
04/06/2021,129.501,129.558,128.078,128.202,3790018,-1.26
04/05/2021,127.648,130.561,127.419,129.835,5728324,2.03
04/01/2021,127.763,127.925,126.34,127.257,4265311,-0.02
03/31/2021,128.508,128.67,126.76,127.285,5177393,-1.08
03/30/2021,129.769,130.16,128.011,128.68,5014879,-0.84
03/29/2021,129.883,130.924,129.434,129.769,4838185,-0.38
03/26/2021,127.314,130.361,127.151,130.265,5825514,2.49
03/25/2021,124.487,127.266,123.952,127.104,5814375,1.88
03/24/2021,125.079,126.187,124.716,124.764,4191891,0.12
03/23/2021,124.592,125.661,123.98,124.611,4560568,-0.07
03/22/2021,122.739,124.859,122.156,124.697,4359786,1.28
03/19/2021,124.19,124.592,122.767,123.121,10307021,-0.89
03/18/2021,123.159,125.122,122.06,124.229,6108774,0.8
03/17/2021,122.7,123.684,121.774,123.245,4490748,0.62
03/16/2021,122.528,122.758,121.631,122.49,4871328,-0.26
03/15/2021,122.041,122.977,121.822,122.815,3581823,0.76
03/12/2021,121.487,121.955,120.933,121.888,4198043,0.37
03/11/2021,122.347,122.872,121.096,121.44,5387786,-0.57
03/10/2021,119.443,122.49,119.023,122.137,7584071,2.97
03/09/2021,119.778,120.761,118.593,118.612,5871631,-0.5
03/08/2021,117.476,121.163,117.371,119.214,7576935,1.61
03/05/2021,115.231,118.202,114.858,117.323,7272314,2.26
03/04/2021,116.53,117.695,113.431,114.725,8444662,-1.84
03/03/2021,115.097,117.136,114.601,116.874,7745588,1.69
03/02/2021,115.326,116.434,114.868,114.935,4735747,-0.34
03/01/2021,114.954,116.836,114.491,115.326,5983565,1.52
02/26/2021,116.769,116.769,113.55,113.598,9472508,-2.89
02/25/2021,117.839,118.775,116.85,116.979,5956425,-0.6
02/24/2021,115.384,117.953,115.116,117.686,6092347,2.07
02/23/2021,115.498,115.909,114.429,115.298,4744096,-0.12
02/22/2021,113.187,115.694,113.13,115.441,6154210,1.57
02/19/2021,115.336,115.346,113.072,113.655,6887104,-1.44
02/18/2021,115.097,115.518,114.333,115.317,5651780,0.63
02/17/2021,113.922,115.155,113.684,114.591,4161486,-0.08
02/16/2021,114.763,115.193,114.008,114.687,6950124,-0.6
02/12/2021,115.575,115.919,114.706,115.384,4051171,-0.09
02/11/2021,116.53,116.726,115.221,115.489,5633455,-1.09
02/10/2021,117.514,117.877,115.779,116.759,5094365,0.11
02/09/2021,116.434,117.099,115.623,116.626,4934041,-1.22
02/08/2021,117.122,118.418,116.912,118.068,6163130,1.49
02/05/2021,115.575,116.349,115.116,116.329,4779454,0.64
02/04/2021,114.534,115.67,113.54,115.594,4775141,1.6
02/03/2021,113.703,114.429,112.824,113.779,7027671,-0.27
02/02/2021,114.008,115.575,113.932,114.085,6634231,-0.91
02/01/2021,114.524,115.527,113.407,115.135,6543587,1.2
01/29/2021,114.83,115.861,113.569,113.77,12378408,-0.81
01/28/2021,117.294,117.676,114.687,114.696,8457240,-1.95
01/27/2021,116.606,119.195,116.168,116.979,12714095,-0.02
01/26/2021,113.836,117.094,113.111,116.998,11190442,3.3
01/25/2021,113.438,114.178,112.184,113.263,14326227,-0.03
01/22/2021,115.288,115.288,112.098,113.292,39828328,-9.9
01/21/2021,124.286,126.311,124.219,125.747,13256391,1.21
01/20/2021,123.885,125.184,122.796,124.248,5859718,0.82
01/19/2021,123.484,123.78,122.346,123.235,5650085,0.49
01/15/2021,122.528,123.445,121.946,122.634,5133265,-0.45
01/14/2021,122.28,124.324,121.831,123.188,7854463,1.62
01/13/2021,123.359,123.933,120.785,121.229,8036329,-1.77
01/12/2021,123.302,124.028,122.204,123.417,3924195,0.49
01/11/2021,122.213,123.861,121.936,122.815,5865060,0.04
01/08/2021,122.805,123.522,121.287,122.767,4895693,-0.36
01/07/2021,124.21,124.611,122.509,123.207,4717975,-0.23
01/06/2021,121.21,125.967,121.038,123.493,8328050,2.5
01/05/2021,119.405,121,119.023,120.484,6399915,1.77
01/04/2021,120.207,120.272,117.523,118.383,5420988,-1.54
12/31/2020,118.65,120.379,118.431,120.236,3742439,1.24
12/30/2020,118.249,119.252,118.087,118.765,3539059,0.44
12/29/2020,119.73,119.854,117.714,118.249,3648953,-0.82
12/28/2020,119.491,120.924,118.88,119.224,3780395,0.1
12/24/2020,119.396,119.491,118.641,119.099,1843790,0.64
12/23/2020,118.326,119.596,118.192,118.345,2819819,0.23
12/22/2020,117.781,118.65,116.922,118.068,4540036,0.18
12/21/2020,118.412,118.612,116.263,117.858,6400711,-1.95
12/18/2020,119.959,120.733,119.367,120.207,7906394,0.24
12/17/2020,120.427,120.437,119.31,119.921,3965603,0
12/16/2020,120.284,120.898,119.669,119.921,4742425,-0.3
12/15/2020,118.813,120.284,117.905,120.284,4561167,1.94
12/14/2020,119.701,120.583,117.934,117.991,5286961,-0.6
12/11/2020,118.517,119.883,118.068,118.698,4691313,-0.55
12/10/2020,120.685,121.239,119.338,119.357,5023704,-1.44
12/09/2020,120.16,121.965,120.064,121.105,6818951,0.86
12/08/2020,119.701,120.666,119.052,120.074,5647654,0.81
12/07/2020,120.819,121.277,118.985,119.109,8705631,-1.97
12/04/2020,118.412,121.669,118.096,121.497,5779705,2.9
12/03/2020,118.593,119.262,117.762,118.068,4761558,-0.81
12/02/2020,117.342,119.052,116.922,119.033,3862417,1.19
12/01/2020,118.345,120.188,117.562,117.638,5560859,-0.29
11/30/2020,118.536,119.396,117.571,117.982,6268343,-0.67
11/27/2020,118.631,119.694,118.354,118.775,2189348,0.12
11/25/2020,117.418,118.756,116.635,118.631,4329574,-0.18
11/24/2020,115.441,119.138,115.389,118.842,8122338,3.61
11/23/2020,112.165,115.112,112.012,114.706,5919160,2.69
11/20/2020,112.327,112.748,111.458,111.697,5260346,-0.2
11/19/2020,111.315,112.184,110.694,111.926,3599801,0.35
11/18/2020,112.442,113.55,111.515,111.535,4821215,-0.79
11/17/2020,112.327,113.225,111.821,112.423,4326110,-0.56
11/16/2020,112.996,113.235,111.869,113.053,5541529,1.29
11/13/2020,110.025,112.108,109.853,111.611,4902730,2.05
11/12/2020,110.446,111.152,108.392,109.366,6804380,-2.3
11/11/2020,112.824,113.044,111.009,111.945,4486237,-0.6
11/10/2020,111.458,112.872,111.038,112.623,5885123,2.06
11/09/2020,112.595,114.371,110.102,110.35,9410026,1.31
11/06/2020,109.92,109.939,108.306,108.927,5492088,-0.64
11/05/2020,108.22,110.121,107.943,109.624,5130473,2.56
11/04/2020,107.294,108.803,106.176,106.883,6070792,-1.98
11/03/2020,108.889,110.465,108.535,109.042,4394531,1.11
11/02/2020,107.599,108.723,107.217,107.848,5559687,1.12
10/30/2020,103.062,106.787,102.919,106.654,8294357,2.53
10/29/2020,102.441,104.724,101.773,104.027,7064858,2.12
10/28/2020,103.788,104.81,101.171,101.868,9867593,-3.54
10/27/2020,107.122,107.189,105.097,105.603,6211613,-1.48
10/26/2020,109.319,109.748,106.826,107.189,7539474,-3.26
10/23/2020,111.277,111.391,110.35,110.799,4073703,0.21
10/22/2020,109.844,110.856,107.914,110.57,8225930,0.61
10/21/2020,111.429,112.413,109.643,109.901,10198121,-1.97
10/20/2020,114.429,114.763,111.601,112.108,22496474,-6.49
10/19/2020,121.115,121.64,119.472,119.892,7764608,-0.33
10/16/2020,119.558,120.761,119.066,120.284,4933908,0.83
10/15/2020,118.517,119.601,118.297,119.29,3545985,-0.83
10/14/2020,119.52,121.249,119.52,120.293,3903871,0.67
10/13/2020,120.895,121.449,118.88,119.491,5658951,-1.66
10/12/2020,122.328,122.5,120.771,121.506,4849014,-0.45
10/09/2020,126.082,126.082,121.879,122.06,8742574,-2.81
10/08/2020,124.993,129.425,123.952,125.595,26465984,5.98
10/07/2020,117.17,118.813,116.836,118.507,2947555,1.72
10/06/2020,117.084,119.233,116.138,116.501,4053238,-0.03
10/05/2020,116.377,117.246,115.623,116.54,3194044,1.19
10/02/2020,113.703,116.291,113.493,115.164,3061979,-0.43
10/01/2020,116.874,117.772,114.959,115.661,3360451,-0.48
09/30/2020,115.938,117.399,115.384,116.215,3414216,0.6
09/29/2020,115.966,116.707,114.82,115.518,2205500,-0.65
09/28/2020,115.164,116.845,115.011,116.272,3674267,2.34
09/25/2020,112.327,114.056,111.697,113.617,3091486,0.73
09/24/2020,112.805,114.156,111.257,112.795,3712502,-0.62
09/23/2020,115.384,116.138,113.12,113.502,4123387,-1.39
09/22/2020,114.935,116.005,114.171,115.107,3095188,0.22
09/21/2020,115.078,115.288,113.263,114.858,5560043,-2.05
09/18/2020,118.689,119.319,117.151,117.256,5644012,-1.73
09/17/2020,117.122,119.921,116.501,119.319,3319885,0.56
09/16/2020,117.208,120.179,117.208,118.65,3966515,1.45
09/15/2020,117.313,117.867,116.759,116.95,3050980,0.29
09/14/2020,116.874,117.848,116.301,116.616,3812579,0.52
09/11/2020,115.947,117.199,115.317,116.014,3713898,0.75
09/10/2020,117.036,118.036,114.849,115.155,4165224,-1.39
09/09/2020,116.654,118.154,115.852,116.778,3947359,0.87
09/08/2020,116.683,117.361,115.298,115.775,5454661,-0.89
09/04/2020,118.775,119.73,115.804,116.817,6299624,-1.73
09/03/2020,122.442,124.124,118.106,118.87,5980754,-2.91
09/02/2020,118.173,122.93,118.034,122.433,6900439,3.87
09/01/2020,117.342,118.393,116.673,117.867,3303512,0.07
08/31/2020,119.634,119.634,117.514,117.781,5052177,-1.41
08/28/2020,119.357,119.682,118.649,119.462,3245270,0.34
08/27/2020,119.013,119.491,118.421,119.061,3582726,0.39
08/26/2020,119.348,119.51,118.393,118.603,3547408,-0.38
08/25/2020,120.351,121.134,118.908,119.052,3116476,-0.83
08/24/2020,118.24,120.408,117.829,120.045,4259763,2.05
08/21/2020,117.495,117.948,116.826,117.638,3542813,0.01
08/20/2020,117.676,118.479,117.304,117.628,2680905,-0.56
08/19/2020,119.233,119.873,117.963,118.288,3918366,-0.86
08/18/2020,119.396,119.873,118.67,119.319,3016487,0.39
08/17/2020,119.634,119.959,118.832,118.861,3516334,-0.66
08/14/2020,118.631,119.93,118.354,119.653,3102591,0.19
08/13/2020,120.312,120.723,119.176,119.424,3318026,-1.32
08/12/2020,121.888,122.06,120.232,121.019,3695615,-0.04
08/11/2020,122.987,124.62,120.933,121.067,5235669,-0.28
08/10/2020,119.797,121.535,119.572,121.411,4154259,1.72
08/07/2020,117.963,119.462,117.686,119.357,3822497,-0.92
08/06/2020,119.396,120.599,119.396,120.465,3574465,0.53
08/05/2020,121.048,121.067,119.023,119.825,3845986,-0.31
08/04/2020,118.268,120.217,118.268,120.198,3591022,1.23
08/03/2020,117.963,118.832,116.673,118.736,3692068,1.11
07/31/2020,117.208,117.476,115.661,117.428,5524882,0.03
07/30/2020,118.163,118.349,116.186,117.39,4165961,-1.93
07/29/2020,118.975,120.341,118.507,119.701,2965978,0.68
07/28/2020,120.179,120.675,118.584,118.889,4373923,-1.38
07/27/2020,119.262,120.656,119.118,120.551,3908744,0.33
07/24/2020,120.809,121.923,119.873,120.15,3695563,-1.21
07/23/2020,123.312,123.57,121.449,121.621,4417115,-1.04
07/22/2020,120.255,123.665,120.16,122.901,8578631,2.07
07/21/2020,125.279,126.244,120.16,120.408,16080882,-0.25
07/20/2020,120.418,121.373,119.529,120.704,10314338,1.01
07/17/2020,118.813,119.997,117.676,119.501,4175160,0.89
07/16/2020,117.18,118.899,116.683,118.45,4532222,0.82
07/15/2020,116.912,118.402,116.673,117.485,4681727,1.99
07/14/2020,113.302,115.47,112.633,115.193,4746810,1.17
07/13/2020,114.41,115.565,113.34,113.856,4865327,0.72
07/10/2020,110.321,113.254,110.121,113.044,4486804,2.28
07/09/2020,112.709,112.709,110.035,110.522,4985380,-1.7
07/08/2020,112.767,113.321,111.257,112.432,5434453,0.11
07/07/2020,113.665,114.152,112.069,112.308,4478934,-2.17
07/06/2020,115.814,116.387,114.104,114.801,4234579,0.41
07/02/2020,114.324,115.976,113.913,114.333,3922565,0.98
07/01/2020,114.878,115.79,113.063,113.225,4873787,-1.85
06/30/2020,113.846,115.766,113.665,115.355,4103216,0.85
06/29/2020,112.69,114.41,112.108,114.381,4353973,2.18
06/26/2020,112.958,113.655,111.047,111.936,11254040,-1.55
06/25/2020,111.525,113.865,110.895,113.693,6416831,2.24
06/24/2020,113.015,113.015,110.684,111.2,7065772,-2.5
06/23/2020,116.54,117.39,113.884,114.056,6942792,-1.37
06/22/2020,116.645,117.008,115.126,115.642,4994332,-1.14
06/19/2020,120.513,121.134,116.769,116.979,8471245,-1.36
06/18/2020,117.485,118.822,116.845,118.593,2998970,0.01
06/17/2020,120.188,120.589,117.867,118.584,3302835,-0.8
06/16/2020,119.396,121.783,117.638,119.539,5870017,2.88
06/15/2020,113.846,116.881,112.986,116.196,5391472,-0.21
06/12/2020,115.814,117.6,113.932,116.444,6510074,3.3
06/11/2020,120.379,120.446,112.552,112.719,12308019,-9.13
06/10/2020,126.225,126.301,123.98,124.047,4956393,-1.52
06/09/2020,127.534,127.61,125.146,125.957,5646290,-2.86
06/08/2020,126.34,129.788,126.34,129.664,5621534,2.79
06/05/2020,127.882,128.212,125.843,126.139,6169331,2.46
06/04/2020,122.051,123.168,121.325,123.111,4046075,-0.12
06/03/2020,121.449,123.784,121.306,123.264,4099011,2.42
06/02/2020,120.035,120.351,119.071,120.351,3116879,0.89
06/01/2020,119.052,120.112,118.469,119.29,3017905,-0.01
05/29/2020,118.125,119.52,116.759,119.3,8302212,0.3
05/28/2020,121.182,121.277,118.65,118.947,4100017,-0.8
05/27/2020,118.383,120.188,117.934,119.911,5995134,3.1
05/26/2020,115.861,117.122,115.584,116.301,5725639,2.85
05/22/2020,114.018,114.109,112.318,113.082,4376873,-0.61
05/21/2020,115.565,116.263,113.636,113.779,4187514,-1.86
05/20/2020,115.508,116.975,115.193,115.938,4021033,0.91
05/19/2020,115.756,116.692,114.753,114.897,3392929,-1.04
05/18/2020,114.505,116.874,114.381,116.11,4404779,3.92
05/15/2020,110.732,112.127,110.083,111.735,5010811,0.03
05/14/2020,109.433,111.84,106.797,111.706,5503534,1.05
05/13/2020,114.572,114.61,109.701,110.541,6152483,-3.77
05/12/2020,117.495,118.746,114.868,114.868,5004813,-1.9
05/11/2020,116.349,117.915,115.26,117.094,3699949,-0.33
05/08/2020,117.17,117.705,115.632,117.476,5237924,1.45
05/07/2020,117.466,117.734,115.432,115.795,4620097,-1.58
05/06/2020,117.714,118.488,116.922,117.648,4044324,0.48
05/05/2020,117.858,118.746,116.979,117.084,4081195,0.74
05/04/2020,115.403,116.501,114.038,116.224,4205924,-0.16
05/01/2020,117.667,117.934,115.947,116.406,5156461,-2.94
04/30/2020,120.847,121.564,119.606,119.93,6944914,-2.43
04/29/2020,123.102,123.512,121.812,122.92,5502294,1.92
04/28/2020,122.29,122.452,119.758,120.609,5001782,0.28
04/27/2020,119.93,121.296,119.844,120.274,5154658,0.96
04/24/2020,116.922,119.396,115.349,119.128,5220105,2.78
04/23/2020,114.209,117.514,113.779,115.909,7203972,1.71
04/22/2020,114.496,114.935,112.28,113.961,7419864,2.18
04/21/2020,108.889,111.893,107.036,111.525,15019829,-3.03
04/20/2020,113.808,117.355,112.843,115.011,8494758,0.24
04/17/2020,113.951,114.992,112.633,114.734,5197687,3.79
04/16/2020,113.674,114.381,109.29,110.541,6749616,-2.49
04/15/2020,113.779,114.797,111.525,113.368,5898871,-4.21
04/14/2020,117.925,119.567,117.122,118.354,5326402,2.28
04/13/2020,116.177,116.339,112.748,115.718,5359346,-0.29
04/09/2020,115.078,117.409,114.779,116.052,5838075,1.85
04/08/2020,111.095,114.581,109.915,113.942,5398765,3.78
04/07/2020,113.473,114.209,109.72,109.787,5856294,0.1
04/06/2020,105.402,110.446,105.192,109.672,7358150,7.97
04/03/2020,104.036,105.135,100.216,101.572,4751444,-3.33
04/02/2020,100.646,105.374,100.426,105.068,6624826,4.62
04/01/2020,101.591,104.992,99.8347,100.426,6399164,-5.22
03/31/2020,106.978,108.707,105.23,105.956,6642381,-1.77
03/30/2020,103.244,108.373,102.976,107.867,5823915,4.54
03/27/2020,103.712,106.501,102.819,103.186,6723058,-4.31
03/26/2020,102.117,108.077,100.837,107.828,7489882,6.65
03/25/2020,100.751,107.435,98.2195,101.104,9057364,0.35
03/24/2020,95.5069,101.286,94.8096,100.751,8345165,11.3
03/23/2020,90.3585,93.3577,86.4996,90.5209,10178159,-0.65
03/20/2020,96.3951,96.462,90.4636,91.1131,11039587,-4.93
03/19/2020,97.7419,99.041,93.8305,95.8412,8787673,-3.1
03/18/2020,94.9529,102.14,94.9433,98.9072,9165955,-2.91
03/17/2020,96.0991,102.58,92.7464,101.868,9692557,7.64
03/16/2020,93.6061,102.594,90.7406,94.6376,11062492,-8.22
03/13/2020,103.807,104.266,96.2901,103.11,13083816,5
03/12/2020,104.734,104.877,97.6942,98.2004,13093042,-12.85
03/11/2020,115.584,117.084,111.166,112.681,8844777,-5.45
03/10/2020,117.275,119.281,110.57,119.176,11944608,5.91
03/09/2020,114.773,116.922,112.022,112.528,11258581,-7.77
03/06/2020,121.019,122.576,118.937,122.003,8577492,-1.4
03/05/2020,124.649,126.359,122.691,123.741,5701147,-3.48
03/04/2020,125.68,128.259,123.216,128.202,5230521,4.13
03/03/2020,128.45,129.993,122.07,123.121,8265434,-4.02
03/02/2020,124.888,128.412,122.213,128.279,8929820,3.19
02/28/2020,124.152,125.212,120.695,124.315,13620932,-2.22
02/27/2020,131.087,132.472,127.046,127.142,8812116,-4.75
02/26/2020,136.493,137.601,133.341,133.484,5663169,-1.38
02/25/2020,139.941,140.476,134.927,135.356,6502660,-3.22
02/24/2020,138.986,141.412,138.862,139.865,5704764,-2.28
02/21/2020,144.268,144.268,142.167,143.122,3703001,-0.91
02/20/2020,144.048,144.822,142.807,144.44,3015833,0.24
02/19/2020,144.746,145.08,143.571,144.096,2861191,-0.16
02/18/2020,143.074,144.593,142.931,144.325,3500193,0.27
02/14/2020,147.496,147.63,143.055,143.943,6381356,-2.34
02/13/2020,147.449,147.888,146.532,147.391,3999310,-0.64
02/12/2020,146.856,148.624,146.637,148.347,4646121,1.19
02/11/2020,148.165,148.261,145.883,146.599,4014024,-0.61
02/10/2020,146.111,147.516,144.784,147.506,5483960,0.66
02/07/2020,147.621,148.566,146.064,146.532,6723438,-2.14
02/06/2020,149.789,151.632,148.452,149.732,8790841,0.28
02/05/2020,143.475,150.381,143.418,149.321,15060113,4.84
02/04/2020,141.154,142.682,140.294,142.424,5883836,1.94
02/03/2020,137.782,140.677,137.448,139.712,9304305,1.77
01/31/2020,136.493,137.591,134.478,137.286,19883459,5.09
01/30/2020,130.628,130.829,128.918,130.638,5280271,-0.67
01/29/2020,132.93,133.322,131.426,131.517,3197759,-1.33
01/28/2020,133.245,134.172,132.529,133.293,3612903,0.67
01/27/2020,132.29,133.789,131.908,132.405,4361515,-1.38
01/24/2020,136.961,137.467,134.162,134.258,5841862,-1.62
01/23/2020,137.735,137.935,135.777,136.464,5919896,-0.71
01/22/2020,136.894,139.253,136.159,137.439,17242874,3.39
01/21/2020,131.631,133.102,131.431,132.93,7550324,0.62
01/17/2020,130.418,132.128,130.055,132.109,5886350,0.24
01/16/2020,131.163,131.994,130.867,131.794,4523737,1
01/15/2020,129.902,131.865,129.625,130.495,4235816,0.59
01/14/2020,130.17,130.99,129.472,129.73,3856257,-0.57
01/13/2020,129.406,130.514,129.014,130.475,3697032,-0.07
01/10/2020,130.857,131.688,130.198,130.561,3408314,-0.04
01/09/2020,129.654,130.657,129.243,130.609,3906585,1.06
01/08/2020,128.479,129.769,127.916,129.243,4549978,0.83
01/07/2020,127.696,128.909,127.419,128.173,3424107,0.07
01/06/2020,127.438,128.221,127.228,128.087,2539402,-0.18
01/03/2020,127.581,128.813,127.572,128.317,2485095,-0.8
01/02/2020,128.947,129.826,128.728,129.348,3296553,1.03
12/31/2019,126.588,128.107,126.464,128.03,3955189,0.93
12/30/2019,129.138,129.234,126.559,126.855,4312275,-1.82
12/27/2019,128.947,129.664,128.823,129.205,2881396,0.27
12/26/2019,128.928,129.239,128.613,128.861,2229621,-0.05
12/24/2019,129.53,129.539,128.575,128.928,1258514,-0.42
12/23/2019,129.692,130.046,128.947,129.472,2934749,-0.03
12/20/2019,129.654,130.303,128.899,129.511,7445671,0.77
12/19/2019,128.431,128.684,128.173,128.527,4048119,0.11
12/18/2019,128.517,128.947,128.136,128.384,3247561,0.14
12/17/2019,128.259,128.651,127.476,128.202,3044029,0.07
12/16/2019,128.89,129.377,127.849,128.116,3192377,-0.06
12/13/2019,128.708,129.425,128.002,128.193,2653963,-0.82
12/12/2019,127.705,129.578,127.667,129.253,5050581,1.17
12/11/2019,128.097,128.479,127.677,127.763,4138881,-0.11
12/10/2019,127.916,128.794,127.572,127.906,3643732,-0.01
12/09/2019,127.371,128.556,127.285,127.916,3118419,0.53
12/06/2019,126.798,127.887,126.75,127.247,3599160,0.99
12/05/2019,127.027,127.266,125.725,125.996,3764235,-0.06
12/04/2019,126.903,127.686,126.043,126.072,3695944,-0.1
12/03/2019,126.082,126.502,124.829,126.196,3882173,-0.59
12/02/2019,128.422,128.47,126.54,126.951,3211547,-1.15
11/29/2019,127.61,128.489,127.065,128.422,1910934,0.51
11/27/2019,129.281,129.625,127.629,127.772,3435926,-0.98
11/26/2019,130.046,130.046,128.727,129.033,3971364,-0.65
11/25/2019,128.441,129.902,128.326,129.874,2711751,1.21
11/22/2019,128.173,128.613,127.6,128.317,3452598,0.37
11/21/2019,127.419,128.154,127.018,127.839,3502375,0.48
11/20/2019,128.049,128.433,126.798,127.228,4332542,-0.98
11/19/2019,128.833,129.31,128.431,128.489,3135625,0.16
11/18/2019,128.279,128.45,127.257,128.288,3361080,-0.07
11/15/2019,128.364,129.062,128.021,128.374,3415648,0.3
11/14/2019,128.116,128.307,127.352,127.992,4429890,-0.36
11/13/2019,129.32,129.501,127.844,128.45,3204604,-0.82
11/12/2019,129.778,130.533,128.966,129.511,3189503,0.09
11/11/2019,131.049,131.049,128.947,129.396,2689086,-1.56
11/08/2019,131.411,131.44,130.055,131.44,2385454,-0.06
11/07/2019,131.688,132.897,131.411,131.517,4265037,-0.79
11/06/2019,131.813,132.558,131.383,132.558,4687362,0.65
11/05/2019,131.622,132.539,131.459,131.708,3156077,0.16
11/04/2019,130.132,131.564,130.122,131.497,3491059,1.58
11/01/2019,128.47,129.482,128.078,129.453,3233771,1.35
10/31/2019,129.052,129.186,127.257,127.734,3571395,-1.12
10/30/2019,127.83,129.215,127.228,129.186,2358745,1.07
10/29/2019,129.348,129.492,127.457,127.82,4355009,-1.58
10/28/2019,129.902,130.504,129.372,129.874,3377210,0.39
10/25/2019,128.107,129.835,128.087,129.367,2699035,1.02
10/24/2019,128.785,129.014,127.323,128.059,2742165,-0.23
10/23/2019,127.534,128.532,126.75,128.355,3797403,0.31
10/22/2019,126.607,128.04,125.709,127.954,4392652,1.04
10/21/2019,126.664,127.132,125.031,126.636,6671245,-1.13
10/18/2019,128.202,128.46,126.32,128.078,7514437,-0.13
10/17/2019,128.947,129.902,126.951,128.24,16570410,-5.52
10/16/2019,136.101,136.541,135.051,135.738,6160009,-0.62
10/15/2019,136.149,137.276,135.452,136.588,3189525,0.68
10/14/2019,135.929,136.044,134.984,135.671,2434363,-0.5
10/11/2019,136.369,138.021,136.216,136.359,3159840,1.16
10/10/2019,133.503,135.423,133.303,134.802,2770747,1.04
10/09/2019,133.503,134.038,132.567,133.408,2756932,0.93
10/08/2019,133.952,134.177,132.051,132.176,3499170,-2.05
10/07/2019,135.882,136.302,134.888,134.946,2605520,-1.2
10/04/2019,135.691,136.646,134.707,136.579,2563940,0.68
10/03/2019,135.27,135.7,132.94,135.652,3308393,0.23
10/02/2019,135.815,135.887,134.267,135.337,3504245,-1.37
10/01/2019,139.062,140.743,137.104,137.219,3113254,-1.21
09/30/2019,137.286,139.998,137.286,138.9,4192399,1.52
09/27/2019,137.935,138.585,135.996,136.818,2467516,-0.22
09/26/2019,136.751,137.429,135.07,137.114,2422508,0.27
09/25/2019,135.385,137.19,134.543,136.741,2665725,1.04
09/24/2019,136.111,136.483,134.745,135.328,3466969,-0.27
09/23/2019,134.86,135.843,134.256,135.7,1936381,0.13
09/20/2019,136.827,137.381,135.461,135.519,5462806,-0.76
09/19/2019,136.073,138.527,136.063,136.56,3331461,0.53
09/18/2019,135.681,135.92,134.21,135.843,2088347,0.01
09/17/2019,136.092,136.092,134.353,135.824,3078523,-0.2
09/16/2019,136.168,137.2,135.891,136.092,2018784,-0.83
09/13/2019,137.849,138.164,136.837,137.228,2310192,0.03
09/12/2019,137.572,137.582,135.519,137.181,2621773,0.01
09/11/2019,138.355,138.613,136.307,137.162,4050093,-1
09/10/2019,136.588,138.938,136.55,138.547,5213493,1.72
09/09/2019,134.287,136.608,134.162,136.206,4425103,1.44
09/06/2019,135.175,135.18,134.162,134.267,2698149,-0.28
09/05/2019,132.099,135.342,131.86,134.649,5247069,3.41
09/04/2019,129.625,130.313,129.09,130.208,2368264,1.66
09/03/2019,128.804,128.853,127.352,128.087,2960663,-1.06
08/30/2019,129.501,129.969,128.338,129.453,3099566,0.48
08/29/2019,128.164,129.606,128.03,128.833,3112337,1.6
08/28/2019,124.592,126.932,124.21,126.808,2848046,1.21
08/27/2019,125.318,125.791,124.467,125.289,4950181,0.91
08/26/2019,125.174,125.413,123.369,124.162,2967350,0.32
08/23/2019,127.639,128.24,123.054,123.761,5044664,-3.54
08/22/2019,128.651,129.597,127.81,128.298,2821514,0.05
08/21/2019,128.909,129.845,127.801,128.231,2937349,0.94
08/20/2019,129.176,129.215,126.855,127.037,3160413,-1.51
08/19/2019,128.833,130.218,128.833,128.985,3313709,0.96
08/16/2019,127.075,128.556,126.993,127.763,3153226,1.4
08/15/2019,125.337,126.435,124.41,126.005,3914087,0.51
08/14/2019,127.906,128.145,125.107,125.365,5353640,-3.34
08/13/2019,127.801,130.447,126.851,129.702,4763548,1.59
08/12/2019,129.578,129.778,127.209,127.677,4267511,-1.81
08/09/2019,133.026,133.064,129.281,130.026,5490760,-2.83
08/08/2019,132.242,134.124,131.583,133.818,5508377,0.71
08/07/2019,132.519,133.322,130.295,132.873,6210102,-1.15
08/06/2019,135.662,136.082,133.064,134.42,5306824,-0.02
08/05/2019,138.48,138.594,132.911,134.449,7445356,-4.41
08/02/2019,142.348,146.092,139.062,140.648,8482020,-2.04
08/01/2019,142.224,145.968,141.842,143.58,6641598,1.4
07/31/2019,142.988,143.447,139.826,141.594,3896522,-1.02
07/30/2019,143.275,143.657,142.53,143.055,2756308,-0.74
07/29/2019,144.335,144.688,143.58,144.115,2172928,-0.32
07/26/2019,144.23,144.621,143.37,144.574,3040792,0.65
07/25/2019,143.103,143.867,141.947,143.647,3247432,0.24
07/24/2019,143.389,144.66,142.506,143.303,3091024,-0.23
07/23/2019,143.819,143.962,141.727,143.638,3916361,0.43
07/22/2019,143.427,145.128,142.988,143.026,4285127,0.04
07/19/2019,143.236,144.784,142.845,142.969,7631728,0.03
07/18/2019,136.111,143.571,135.824,142.921,13289959,4.59
07/17/2019,137.171,137.353,135.586,136.655,6334004,-0.32
07/16/2019,136.751,137.582,136.608,137.095,3637244,0.15
07/15/2019,136.483,137.076,135.748,136.894,2479475,0.41
07/12/2019,135.557,136.512,135.309,136.34,2916940,1.06
07/11/2019,134.478,135.232,134.01,134.907,2233199,0.55
07/10/2019,133.723,135.547,133.522,134.172,2631936,0.82
07/09/2019,134.306,134.669,132.892,133.083,3522994,-0.88
07/08/2019,134.726,134.95,133.981,134.267,2507696,-0.57
07/05/2019,134.554,135.146,133.637,135.041,2235138,-0.11
07/03/2019,134.411,135.461,134.134,135.194,2020973,0.94
07/02/2019,133.484,134.134,133.217,133.933,2522857,0.24
07/01/2019,133.341,135.146,133.035,133.608,3546160,1.44
06/28/2019,132.357,132.902,131.66,131.717,6442818,-0.45
06/27/2019,132.5,133.054,131.765,132.309,2250686,0
06/26/2019,132.644,133.417,132.202,132.309,2391806,0.12
06/25/2019,133.207,133.293,131.937,132.156,2932743,-0.71
06/24/2019,132.959,133.866,132.816,133.102,2288724,0.11
06/21/2019,132.233,133.284,132.185,132.959,5537006,0.25
06/20/2019,132.701,133.284,132.004,132.625,3214960,1.29
06/19/2019,130.313,132.156,130.132,130.934,2494252,0.51
06/18/2019,129.138,131.039,129.138,130.265,3051490,1.06
06/17/2019,129.32,129.931,128.661,128.899,2297123,-0.15
06/14/2019,129.367,129.788,128.403,129.09,2296295,-0.45
06/13/2019,129.071,130.16,129.033,129.673,3094148,0.66
06/12/2019,129.482,129.845,128.384,128.823,2360580,-0.79
06/11/2019,129.253,130.342,128.995,129.855,3567280,0.9
06/10/2019,128.355,129.284,127.906,128.699,3047336,1.07
06/07/2019,126.531,128.68,126.282,127.333,2673248,0.82
06/06/2019,126.263,126.703,125.031,126.292,2406077,0.55
06/05/2019,127.4,127.619,124.62,125.595,3309958,-0.9
06/04/2019,123.751,126.788,123.297,126.741,4096266,3.45
06/03/2019,121.401,122.796,121.363,122.519,4467379,1.01
05/31/2019,122.681,122.681,121.163,121.296,3705201,-1.99
05/30/2019,123.923,124.143,123.149,123.761,2869807,-0.09
05/29/2019,124.171,124.439,122.567,123.875,3851146,-0.59
05/28/2019,126.206,126.693,124.429,124.611,5139255,-1.38
05/24/2019,127.543,128.226,125.69,126.349,2717985,-0.08
05/23/2019,129.071,129.071,124.592,126.454,5594234,-2.9
05/22/2019,129.902,130.619,129.627,130.237,1936653,-0.07
05/21/2019,130.017,130.915,129.702,130.332,2620601,0.98
05/20/2019,127.543,129.358,126.971,129.062,3417841,0.6
05/17/2019,128.641,129.339,127.935,128.298,2742079,-1.15
05/16/2019,128.699,130.007,128.603,129.788,3158971,1.1
05/15/2019,126.645,128.556,126.435,128.374,2670593,0.82
05/14/2019,125.91,128.298,125.776,127.333,3404972,1.44
05/13/2019,127.304,127.581,125.088,125.528,5190708,-2.88
05/10/2019,128.833,129.664,126.483,129.253,4164401,-0.01
05/09/2019,128.842,129.506,127.065,129.272,4389641,-1.93
05/08/2019,131.593,132.481,130.982,131.813,3996286,0.26
05/07/2019,132.911,133.255,130.084,131.469,4944644,-1.95
05/06/2019,132.099,134.382,131.717,134.086,2924472,0.09
05/03/2019,133.436,134.678,133.37,133.962,2701038,0.47
05/02/2019,134.201,134.946,133.159,133.331,3706973,-0.69
05/01/2019,134.248,135.452,133.885,134.258,3197025,0.21
04/30/2019,132.873,134.143,132.462,133.981,4856577,0.88
04/29/2019,132.911,133.37,132.586,132.816,3097199,-0.28
04/26/2019,133.093,133.618,132.586,133.188,2428676,0.58
04/25/2019,133.436,133.482,131.536,132.414,3046716,-0.94
04/24/2019,134.296,134.974,133.513,133.675,2904387,-0.35
04/23/2019,132.911,134.602,132.71,134.143,4671649,1.12
04/22/2019,133.169,134.258,132.271,132.663,4705185,-1.03
04/18/2019,132.768,134.191,132.481,134.038,5192737,0.88
04/17/2019,131.211,135.614,130.151,132.873,13102017,-4.15
04/16/2019,137.926,138.871,137.563,138.633,6577492,0.86
04/15/2019,137.926,137.983,136.846,137.448,3771997,-0.31
04/12/2019,137.792,137.964,137.257,137.878,3032970,0.4
04/11/2019,137.353,137.649,136.617,137.333,3080084,0.53
04/10/2019,135.824,137.061,135.614,136.608,2803801,0.64
04/09/2019,136.264,136.541,135.48,135.738,3180606,-0.89
04/08/2019,136.608,136.99,136.464,136.961,2217659,0.08
04/05/2019,136.865,137.066,136.073,136.856,2860216,0.35
04/04/2019,137.181,137.677,136.149,136.378,2901382,-0.59
04/03/2019,137.209,137.754,136.598,137.19,2807438,0.44
04/02/2019,136.923,137.496,136.206,136.588,2517650,-0.21
04/01/2019,135.165,136.98,135.165,136.875,4171064,1.56
03/29/2019,134.201,134.888,133.866,134.774,3247012,0.84
03/28/2019,133.637,134.143,132.863,133.647,2788928,0.49
03/27/2019,134.115,134.191,132.195,132.997,3243666,-0.7
03/26/2019,133.656,134.697,133.169,133.933,2673371,0.75
03/25/2019,132.825,133.637,132.147,132.94,2972962,-0.19
03/22/2019,134.649,135.098,132.672,133.198,4059529,-1.41
03/21/2019,132.863,135.748,132.653,135.098,3771975,1.32
03/20/2019,134.229,134.392,132.749,133.341,3820027,-0.63
03/19/2019,134.64,135.349,133.725,134.191,3645584,0.2
03/18/2019,133.561,134.072,132.5,133.924,3421609,0.56
03/15/2019,133.121,134.038,132.987,133.179,7489008,0.46
03/14/2019,132.3,132.71,131.87,132.567,2867193,0.17
03/13/2019,131.86,133.078,131.669,132.348,3322120,0.2
03/12/2019,132.309,133.432,131.679,132.08,4140287,0.41
03/11/2019,129.931,131.555,129.749,131.536,4124408,1.94
03/08/2019,128.193,129.176,127.591,129.033,3950821,-0.2
03/07/2019,130.485,130.752,128.598,129.291,4562844,-1.18
03/06/2019,131.927,132.184,130.59,130.838,2898200,-0.65
03/05/2019,132.166,132.519,131.388,131.698,4450060,-0.4
03/04/2019,133.713,133.799,131.02,132.223,3566889,-0.55
03/01/2019,133.064,133.761,132.424,132.959,3172276,0.77
02/28/2019,132.548,132.82,131.545,131.937,3620064,-0.75